tarea,descripcion,modulo,requisitos,optimista_h,mas_probable_h,pesimista_h,sprint_planeado,issue,inicio,fin,real_h,sprint_real,pr,nota
T01,"Repositorio, estructura, entorno y README",setup,PRG-05,0.25,0.5,1.0,S0,#1,2026-10-04 21:39,2026-10-04 23:02,0.69,2026-10-04,directo a main (76f14fb),"Bloque conjunto T01+T03 de 21:39 a 23:02 (1.38 h, incluye mover el repo fuera de System32); real repartido en proporción a la estimación (D11)"
T02,Tablero Kanban (GitHub Projects) e issues,gestion,PRO-01;CAL-08,0.25,0.5,1.0,S0,#2,2026-10-05 00:15,2026-10-05 00:57,0.70,2026-10-05,#26 (merge 3a8a2d5),
T03,Estimación inicial y plantillas de datos,gestion,MET-J2;EST-1,0.25,0.5,1.0,S0,#3,2026-10-04 21:39,2026-10-04 23:02,0.69,2026-10-04,directo a main (76f14fb),"Bloque conjunto T01+T03 de 21:39 a 23:02 (1.38 h, incluye mover el repo fuera de System32); real repartido en proporción a la estimación (D11)"
T04,Complejidad ciclomática y LOC (radon),product_metrics,MET-P1,0.5,1.0,2.0,S1A,#4,2026-10-05 10:07,2026-10-05 10:23,0.27,2026-10-05,#28 (merge 8fa7528),"Fin = hora del merge commit. El código se generó con IA antes del inicio; el tiempo mide integración, verificación (pytest, ruff, comparación con radon) y PR"
T05,Cobertura de código (pytest-cov),product_metrics,MET-P2,0.5,0.75,1.5,S1A,#5,2026-10-05 10:29,2026-10-05 10:44,0.25,2026-10-05,#29 (merge c7edea1),"Fin = hora del merge commit. El código se generó con IA antes del inicio; el tiempo mide integración, verificación (pytest, ruff, comparación con coverage) y PR"
T06,Minería de defectos SZZ adaptada (git + trailers),defects,MET-P3;MET-R1;MET-R2;MET-R3;MET-J1,0.75,1.25,2.5,S1B,#6,2026-10-05 21:13,2026-10-05 21:22,0.15,2026-10-05,#30 (merge 38ea0c8),"Fin = hora del merge commit. Código adaptado con IA antes del inicio (incluye 2 correcciones en el entorno de la IA, ver AI_LOG); el tiempo mide integración, verificación y PR"
T07,Densidad de defectos,product_metrics,MET-P3,0.25,0.25,0.5,S1B,#7,2026-10-05 21:29,2026-10-05 21:35,0.10,2026-10-05,#31 (merge 2e9abd5),"Fin = hora del merge commit. Código generado con IA antes del inicio; el tiempo mide integración, verificación (SLOC vs radon raw) y PR"
T08,CLI python -m qualityops y metrics.json,cli,PRG-06,0.5,0.75,1.5,S1B,#8,2026-10-06 12:20,2026-10-06 12:31,0.18,2026-10-06,#32 (merge 454864e),"Fin = hora del merge commit. Código generado con IA antes del inicio; el tiempo mide integración, verificación (consistencia interna de metrics.json) y PR"
T09,Configuración ruff/pytest/coverage (pyproject),quality_gate,PRG-04,0.25,0.25,0.5,S1B,#9,2026-10-06 12:36,2026-10-06 12:50,0.06,2026-10-06,#33 (merge 7f7f38e),"Bloque conjunto T09+T10 de 12:36 a 12:50 (0.23 h; verificación única para ambas); real repartido en proporción a la estimación (0.25/0.75), como en D11. Código generado con IA antes del inicio"
T10,Quality gate con umbrales,quality_gate,CAL-07,0.5,0.75,1.5,S1C,#10,2026-10-06 12:36,2026-10-06 12:50,0.17,2026-10-06,#34 (merge ffb14d0),"Bloque conjunto T09+T10 de 12:36 a 12:50 (0.23 h; verificación única para ambas); real repartido en proporción a la estimación (0.25/0.75), como en D11. Código generado con IA antes del inicio"
T11,Pipeline GitHub Actions,ci,PRG-01;PRG-03,0.5,1.0,2.0,S1C,#11,2026-10-08 00:00,2026-10-08 00:17,0.28,2026-10-08,#35 (merge 00517a7),Inicio reportado por el autor (12 a. m.); fin = hora del merge commit; la regla de protección de main se creó justo después. Workflow generado con IA antes del inicio; pasó en verde a la primera ejecución
T12,Informe de calidad (formato ISO/IEC/IEEE 29119-3),report,CAL-02,0.5,0.75,1.5,S1D,#12,2026-10-08 01:17,2026-10-08 01:39,0.12,2026-10-08,#38 (merge 054a942),"Bloque conjunto T12+T17 de 01:17 a 01:39 (0.37 h; incluye el primer defecto real, su corrección a6139f9 y un reintento de merge por error 502 de GitHub); repartido 0.75/1.5 por estimación (D15)"
T13,"MTTD, MTTR y eficacia de pruebas",process_metrics,MET-R1;MET-R2;MET-R3,0.5,0.75,1.5,S2A,#13,2026-10-08 00:34,2026-10-08 00:38,0.03,2026-10-08,#36 (merge 03ca184),"Bloque conjunto T13+T14 (D15). Inicio NO reportado: se usa la hora del primer commit de la rama (00:34), por lo que el tiempo real es un mínimo. Fin = merge. Repartido 50/50 por estimación igual (0.75/0.75). Código generado con IA antes del inicio"
T14,"Eficacia de revisión, desviación y plazos",project_metrics,MET-J1;MET-J2;MET-J3,0.5,0.75,1.5,S2A,#14,2026-10-08 00:34,2026-10-08 00:38,0.03,2026-10-08,#36 (merge 03ca184),"Bloque conjunto T13+T14 (D15). Inicio NO reportado: se usa la hora del primer commit de la rama (00:34), por lo que el tiempo real es un mínimo. Fin = merge. Repartido 50/50 por estimación igual (0.75/0.75). Código generado con IA antes del inicio"
T15,Cuatro técnicas de estimación,estimation,EST-1;EST-2;EST-3;EST-4,0.75,1.25,2.5,S2B,#15,2026-10-08 01:12,2026-10-08 01:17,0.08,2026-10-08,#37 (merge be6bb9c),Inicio 01:12 compartido con T12/T17 (verificación única); fin = merge de T15. Código generado con IA antes del inicio; datos de la referencia aportados por el autor (D16)
T16,Evaluación ISO/IEC 25010 (idoneidad funcional y fiabilidad),report,CAL-06,0.25,0.5,1.0,S2B,,,,,,,
T17,AI Advisor desacoplado + respaldo por reglas,ai_advisor,PRG-02;MET-00,1.0,1.5,3.0,S2C,#17,2026-10-08 01:17,2026-10-08 01:39,0.25,2026-10-08,#38 (merge 054a942),"Bloque conjunto T12+T17 de 01:17 a 01:39 (0.37 h; incluye el primer defecto real, su corrección a6139f9 y un reintento de merge por error 502 de GitHub); repartido 0.75/1.5 por estimación (D15)"
T18,Dashboard Streamlit,dashboard,PRG-06,1.25,2.0,4.0,S2D,,,,,,,
T19,Matriz de cumplimiento calculada (semáforo y %),report,CAL-01,0.5,0.75,1.5,S2D,,,,,,,
T20,Diagramas de arquitectura y pipeline,docs,DOC-04,0.25,0.5,1.0,S1D,,,,,,,
T21,Reporte académico en plantilla UTCJ,docs,DOC-01..DOC-09,2.5,4.0,8.0,S1D-S3B,,,,,,,
T22,Ejecución desde cero y etiqueta v1.0.0,ci,PRG-06,0.25,0.5,1.0,S3A,,,,,,,
T23,QA final de la matriz,docs,Todos,0.5,1.0,2.0,S3C,,,,,,,
T24,Guion de demo,docs,PRG-09,0.25,0.25,0.5,S3C,,,,,,,
T25,(Opcional) Encuesta de satisfacción,gestion,MET-J3,0.25,0.5,1.0,S3C,,,,,,,
T26,(Opcional) Demostración en un segundo repositorio Python,ci,PRG-08,0.25,0.5,1.0,S3A,,,,,,,"Agregada el 2026-10-05 después de la línea base (cambio de alcance, D13); no forma parte de la estimación inicial"
